Store,Product,2024-05-06,2024-05-13,2024-05-20
0,126,0.9552382541768697,0.7722578212490325,0.569481200525179
0,182,0.8462140131987521,0.7686348100397314,0.8163661240092331
1,124,10.550096223967161,10.068318138941583,10.495981513225344
10,126,0.5315236627074006,0.41356402254255303,0.2953697159109926
11,126,0.696851971588505,0.696851971588505,0.696851971588505
12,124,6.988064173184443,6.9843548121857,6.983446104804197
13,103,0.6475518178047696,0.9475701700152639,1.8868977101207605
14,124,20.65603369776412,20.656034969329877,20.65603687667851
14,126,1.6833100560073715,1.6733710222093885,1.6635686467713262
15,126,0.4436417562605817,0.4436417562605817,0.4436417562605817
16,126,2.2713304622801602,2.2713304622801602,2.2713304622801602
17,126,3.2882194537714633,1.6722500813144088,1.5093585172274386
18,124,16.939980298621347,12.855052535451685,16.590288144671238
18,126,0.6177924649257523,0.7870293536235113,0.633511030221635
19,103,1.4481546944468366,1.4481546944468366,1.4481546944468366
19,17,11.84688871653165,11.629365990487756,12.174150238021303
2,124,9.265780796284723,9.265743686362109,9.265706576439497
2,126,0.8803315813749121,0.8790207162905818,0.8777099306791113
20,126,1.007706010477262,1.0050757310930212,1.0024432875883564
21,124,10.429807974222323,8.488313604210433,6.544233986311142
21,126,1.6384045485217713,1.6634869131610026,1.6629649266860618
22,126,2.380201664508215,2.380201664508215,2.380201664508215
23,124,9.233153484810272,6.736545665454789,7.240979312987008
24,126,0.8648102183862617,0.8640857239290168,0.8633492886746019
25,124,10.567503174200263,10.567503174200263,10.567503174200263
25,126,1.3096985565146302,1.3096985565146302,1.3096985565146302
26,126,3.0198130725954737,3.0198130725954737,3.0198130725954737
27,124,10.338982605046846,9.737729126475426,9.66715113614994
27,126,1.579132758413823,1.5786687561224617,1.5782073366990403
28,103,1.0126455907309055,1.0126455907309055,1.0126455907309055
28,17,14.69345535385954,16.193182703721053,16.12360287352833
29,17,7.77371798315471,6.573736791971594,7.893674172610248
3,126,1.4784000532428205,1.4784000532428205,1.4784000532428205
30,126,1.3244417058460238,1.0134223597280505,1.0116752383145016
31,126,0.6458934333945018,0.6428283938755868,0.6398214567870774
32,124,10.092784754159554,6.977122826144108,8.677620120287449
32,126,0.9647085819238775,0.4366017368341432,0.2817693391879486
33,126,0.8869996061865107,0.9506667586774199,0.48630833355748954
34,103,0.8219791069726593,0.8219791069726593,0.8219791069726593
34,17,6.355413404232951,6.355425960944783,6.355438517656616
35,17,6.8330513723425526,8.409495220443672,9.994218839744994
36,124,9.262680027261974,9.262348145564,9.262024271600042
36,126,0.8699233963618647,0.8573611219195426,0.7283620361890227
37,103,2.8617283090150933,2.3997525846443573,3.489514467006185
38,126,0.7556113027677626,0.7555887722120375,0.7555647316719781
39,17,6.949559825947468,6.498229467110583,6.544949465444671
4,124,9.740100257488388,9.003777997829241,8.563729347375213
4,126,0.4704065859924708,0.4699869494250371,0.46956002122272594
40,103,-0.1619616811740027,0.0491022444791247,-0.44019627383671905
40,17,8.360838673335541,8.360837719661225,8.360836765986909
41,103,3.184060332146767,3.129055727872737,3.2889458109360667
41,17,9.321677740930069,9.199584552907185,9.303452691432277
42,103,1.3919930449193785,1.391798902007465,1.3916201552276277
42,17,3.360455645710621,3.617714683203264,2.701060206284128
43,17,4.023493117070919,4.4033454824281675,4.799504942069135
44,103,1.5785936539068823,1.3348257327279711,1.657163272289185
44,17,10.740651712028386,9.507645821634766,9.528728732498136
45,103,1.6321129134830643,1.6321129134830643,1.6321129134830643
45,17,8.791246876579958,8.791247194471397,8.791247512362835
46,126,1.5608986244742578,1.5598491058890527,1.5588022099082177
47,124,5.3904741480474625,5.493505889955242,5.359833567695393
48,126,1.3676740669068828,1.3679151080903544,1.3681271416800354
49,103,0.8863049372615608,0.8863049372615608,0.8863049372615608
49,17,9.679092166640645,10.277455512817252,8.813907192414373
5,126,3.35507389209968,3.3553431032063474,3.355618994893183
50,126,5.242166321531575,5.121320495366946,4.732426893435814
51,124,8.537799929948372,6.468858543508044,6.765384200600258
52,126,1.4844988669982573,1.5785692188046732,1.5968010547705909
52,239,0.1464047440618669,0.20924505872197274,0.4520531643666354
53,17,9.030135256230658,9.03014256773375,9.030149879236843
54,103,1.5302098734373264,1.5125628156656437,1.5125628156656437
54,17,10.271756768597667,9.645813235828154,9.140296460504288
55,103,-0.1224819019944094,0.41433841998814985,0.5729378117060459
56,126,0.8624305015042039,0.8624305015042039,0.8624305015042039
57,17,6.874029549424478,6.558649213927584,6.489855344195863
58,17,5.965535975168721,5.667798528361608,5.427825000331445
59,126,1.0891007984124699,1.0891007984124699,1.0891007984124699
6,124,7.510337480558156,7.492316827129678,7.645888825626503
60,10,0.5923964879687159,0.561800742408655,0.5680205357915803
60,100,0.6662605361688515,0.48287464357280735,0.5370485884969979
60,105,1.8111043184054385,1.3056067321877902,1.8818416674703702
60,106,0.7140465521074776,0.7850270109382711,0.7379537590600495
60,109,4.517877280397034,3.6430386639049246,3.810812426414469
60,111,1.1654638347927675,0.5997746513485359,0.8528850115083086
60,112,0.8598066870509452,0.8635836108663545,0.8649204317866629
60,114,1.9304965916282297,2.0132252344753976,1.6087244313573414
60,116,1.5629224664998744,2.4605263313750925,2.5495405815489276
60,121,0.851661946536154,0.4265683505246791,0.40161150855050615
60,122,0.990091230009473,1.2052689647688901,0.2312617994637176
60,124,7.779636820055998,7.045409676564662,5.963292880817856
60,125,97.10535291328637,61.55824963850747,61.482136398912026
60,126,4.859090892612142,4.857216594645021,4.855342296677901
60,128,1.8002630042009748,1.7230322062790362,1.262848796248955
60,153,0.7594195647301164,0.721969948209488,0.9282471138187057
60,154,2.249643595263901,2.1091838778125767,2.1692191030844827
60,156,1.403397054526769,1.4032258767297785,1.6314392937270126
60,163,0.5505675818238899,0.5749650727487255,0.5686623994117569
60,164,1.6065351505095897,1.6067297398065665,1.606925719878588
60,165,0.5271971593860254,0.37339479771125644,0.38042150102681055
60,166,0.703577713457579,0.6878323429677503,0.6935144801436994
60,167,0.5884131442313739,0.4387980616375276,0.42438664131764686
60,168,0.7083555588815956,0.7083555078638352,0.7083554568460843
60,169,1.0773562080453323,1.0408276528193143,1.0384872234925646
60,170,1.444805296819415,1.6797023166095233,1.5854374607225246
60,172,0.827968839045198,0.8859259675549094,0.8176100706174801
60,174,1.7791484357436917,1.781265340455759,1.7833824438499761
60,175,0.7063295637249144,0.7772583465284364,0.7144023981482582
60,176,1.5375661375661365,1.5375661375661365,1.5375661375661365
60,18,0.8678884431343686,0.8428518615146197,0.7688250195383016
60,180,1.2581126910333356,1.0288529523193912,1.0882229584122722
60,19,1.3994875378523177,1.3994875378523177,1.3994875378523177
60,192,0.8314716874846662,0.8502177427590998,0.8799461538811112
60,2,1.0219949167393636,0.6865670815776422,1.1948910026650876
60,20,1.121578183716981,1.121578183716981,1.121578183716981
60,201,1.0091201263679117,1.0110673126600571,0.9767367056043671
60,21,0.9524446460256094,0.9524572620458738,0.9524698780661384
60,210,1.2891998659836963,1.2750588759113866,1.607750407031957
60,211,1.4436180934424374,1.4584543826395413,1.4773087127528928
60,213,0.6188077700815383,0.6358991183374366,0.6141830776694802
60,214,3.098865447506677,3.101294836313144,3.103724225119611
60,215,1.0042577736934373,1.0042577736934373,1.0042577736934373
60,216,1.3730154537330916,1.377216468107365,1.3814213766517638
60,22,0.8069022933766786,0.8069087730010652,0.8069152526254516
60,226,2.6773930628350193,2.625742973022805,2.6898373376459364
60,229,1.6669773850099814,1.4760074848991216,1.604311899964453
60,23,72.29151336407348,72.3456660833658,81.76116604285177
60,235,2.2860273498042036,1.2941544997761074,1.293299669295472
60,236,1.258110173451628,1.19636040282964,1.1925847251103414
60,237,1.1807649839536565,1.2860005808603132,1.207013314252202
60,240,1.0021184036484432,0.9021862204261814,0.8900884429999385
60,243,0.46843143649163405,0.46663305802151056,0.6414048394605719
60,25,2.242427242414541,5.063970145047596,2.004316791142248
60,250,0.6609005299216214,1.0035049330753052,1.260683467583587
60,263,0.368648394473861,0.3275604611428722,0.27394517506493776
60,265,0.773440483716433,1.0171274476817145,0.6440740858913107
60,266,0.561976365416126,0.5537694109615947,0.5537694109615947
60,267,1.0271455453449754,1.194991452525178,0.6754329270542202
60,268,0.7057643275160074,0.8066326019656008,0.7868944947859413
60,270,0.8146784757843418,1.089668295380051,0.8300525618962279
60,272,0.6823965813342329,0.6534866911442099,0.6211082919816246
60,276,1.1547441613165657,0.579031173400102,0.4702681225963306
60,278,1.0720259400525223,0.8040575945420899,0.5344965648829374
60,279,1.244869546345104,1.1772262845199937,1.2043788863978422
60,28,0.39177510022060263,0.43841858795696886,0.5981170379056172
60,280,0.1988188765140496,0.5845779010473328,0.28398035720524223
60,281,0.9817680457052816,1.4199547651308675,1.1841718219499742
60,282,1.222895021870029,1.0874346756965945,0.9993382372507554
60,289,1.0565069509167548,1.498786444814349,1.7243682265856446
60,29,1.636085812752946,1.4585243361970932,1.357911498061055
60,296,0.6924528301886798,0.6924528301886798,0.6924528301886798
60,3,1.2834381551362684,1.2834381551362684,1.2834381551362684
60,30,1.179470241860205,1.03467840432689,1.0850977508183857
60,33,0.9552047163300624,0.9552047163300624,0.9552047163300624
60,39,1.1949651131751509,1.251930916223398,1.2996085527611676
60,4,1.2549849902580845,1.284091722220028,1.2647598212717694
60,40,3.3531799535393767,0.40522962773024945,1.5400289426363567
60,41,0.5491850841094567,0.5652022739491599,0.4719363976017151
60,42,1.494509741417441,1.143300677371976,1.1417300676103095
60,45,2.5549962315815864,2.7956307524674635,1.7818408902123384
60,47,14.19819004346717,8.980902384518988,7.695797197867917
60,48,13.123061505914523,7.938714913436933,7.097085275588746
60,49,1.0245708432318026,0.7139549030441498,0.8189366835137154
60,51,1.4255142986088105,1.3520160440012934,1.3520160440012934
60,55,3.173802172400967,2.7758047183569694,2.623685929195491
60,56,0.7829234852991078,0.751052869200355,0.35014694994429263
60,61,0.6155860502810768,0.6093969255422858,0.6036427295852446
60,64,0.49931066225090875,1.5281051421962566,0.7128327753581214
60,65,0.882338235836694,0.12514427169644352,0.6802791448207824
60,67,0.548103352557777,0.830496250210564,0.714684925244968
60,7,0.9670860216766016,0.7661157853982002,0.6859515340603051
60,8,1.2186904298679708,1.0457623728814627,1.001773707918615
60,87,3.0656682622808495,3.537908188286282,2.473913298369639
60,88,4.766887182352429,3.0579095809555406,2.6404340260652948
60,89,1.367602651922269,0.8556634101159558,0.4394960486613479
60,91,0.8332728969321108,0.8327784347650765,0.8323829088475296
60,92,1.7313638763205266,1.5532301532523387,1.2045544536477102
60,94,0.8614508478109112,0.8423910732674574,0.9933218776449818
60,99,6.6656289504969175,5.855991225062671,5.203116656505933
61,0,0.8679654670395741,0.9380180770336382,0.8948492624159927
61,10,1.087641288604442,1.2508173235758286,1.0662938195219986
61,100,1.4738704714558981,1.1426040313924886,1.7116723580931836
61,101,0.4345301585324843,0.7786210725925788,0.6503525092273191
61,105,0.9853350293330863,1.1176439961864062,1.4297567038330685
61,107,2.1691628016709097,0.9535497310382063,1.1354189880743488
61,108,0.8618812698684327,0.8618812698684327,0.8618812698684327
61,109,11.644425733994984,8.377394956392239,7.775632201105981
61,11,0.6112916424012664,0.6112916424012664,0.6112916424012664
61,110,0.9259043902902356,0.6741521210507964,0.4342807523824626
61,113,1.1562426664778518,1.0288173807721044,1.0294475157604939
61,114,5.095052714664604,3.142082144783142,3.012592690899489
61,115,2.1146699757736065,0.6648097161783769,0.5105869060298581
61,119,0.5007933507501696,0.27784505106789986,0.6409705082570866
61,12,0.6188111276641161,0.5694941661486771,0.5938780825410936
61,120,1.1346370307599278,1.1261778186918634,1.1172555351416802
61,121,1.389209979948747,0.41238156425309214,-0.2483806964733648
61,123,1.914733253813827,2.4041566010769273,1.5426557818241247
61,124,163.86240432362976,68.71930038979345,71.29083769479753
61,126,3.270456087322072,3.257802653365758,3.2450617197909133
61,127,1.1872721874985193,1.1872721874985193,1.1872721874985193
61,128,1.9034756763818699,2.3291782553470752,1.6676948022015843
61,129,2.7429824157578753,2.7548543891668107,2.7667263625757457
61,13,0.7672436487338213,0.7672436487338213,0.7672436487338213
61,130,3.2652871381668818,3.2652871381668818,3.2652871381668818
61,131,1.9291462324998088,1.5295769171725044,2.028163915508905
61,132,1.363306327375834,1.3080258085917384,1.266194468167394
61,133,3.6457904081314587,3.4916727246971546,6.20411029798272
61,134,1.1523020244831035,1.4900177718943963,0.6113197600087318
61,135,3.079349471251509,2.743459783040213,2.7337285897893637
61,136,3.212561606211601,3.096879094096146,3.126494697067379
61,137,0.22440390583077896,0.7477824095915618,0.13970272445896456
61,138,1.7762269764844163,1.2269309482487862,0.6796774228269209
61,139,0.6566511985158551,0.6691557171629502,0.8132491259739588
61,14,1.6189587230395557,0.2979572316281966,0.4346436745918856
61,140,0.2659610863553057,0.2693798896358516,0.3237500955038022
61,141,11.09885769938976,0.16629509411526255,2.3239446170599942
61,142,0.4572488894959637,0.5845482976576715,0.5629150928398996
61,144,0.8131114951922179,0.6375756232755384,0.5512080681426162
61,145,0.9598165797261453,0.8138936731946677,0.7247785969753018
61,146,1.9832824078731568,1.47990887776091,1.1171433696495583
61,148,1.8705789566354165,0.49664445028757465,0.06516476564208791
61,149,5.865255209728538,1.0284252491711383,0.6769543331674654
61,15,4.223435285949776,4.756990297280237,4.739834750555848
61,150,2.5155090788808807,2.645771012482115,2.605989059422219
61,152,2.508794324220517,1.5055235920570347,1.139243066784875
61,153,2.372320474091731,0.8186865161016327,0.9645257439885929
61,154,3.806988184797522,2.7017802063190586,2.595210680843005
61,155,1.3352119192275105,0.9678895838325632,0.9050235747048192
61,156,2.1812234729783753,1.7630069652920417,1.4056049121879093
61,157,1.8523776734048256,1.1499703165257522,0.8136415821258361
61,158,1.2999134687666924,0.5322582885174955,0.2690612419121861
61,166,0.702295857930408,0.6661655281563822,0.6335855816639924
61,167,0.945108893170921,0.9451271503604999,0.9451454075500788
61,168,0.6484668159301844,0.5991543789514774,0.5947286734834972
61,173,0.665322256122177,0.66545414133285,0.6655853112877858
61,175,1.1797284351746753,1.2382697533097822,1.2010710905519086
61,178,1.4510894922418516,1.2278098983693624,1.4615956422104677
61,179,0.4987612417423804,0.7950563888437506,0.2467563559188424
61,180,2.2449788524247953,2.2500443567911224,2.256312987512574
61,181,1.4125176668167125,1.4125176668167125,1.4125176668167125
61,183,0.9530595280835116,0.9866563420482851,0.982567076255228
61,184,0.6674389028828083,0.7388928039364965,0.8915907881778683
61,185,0.4574838362682813,0.30149763256997403,0.3004793573432191
61,187,2.5487504808543497,1.3590952218682972,0.34555813119907697
61,188,0.5881087084830007,0.5824175357272408,0.3597907891845802
61,19,0.679906777915105,0.6717869077138854,0.6651280951204687
61,190,0.8954530151398655,0.9205991921715663,0.3363813397934174
61,192,0.8910874132800282,0.3122481395564811,0.19019013056290868
61,194,0.6981132075471694,0.6981132075471694,0.6981132075471694
61,195,0.8377452438943996,0.7448097686197036,0.8380444532745782
61,196,0.6927448643015306,0.6961033718588517,0.7734803777773233
61,197,0.8990231506849705,1.2432088695789754,1.078985524209875
61,198,0.8918316079074987,0.8898265426749834,0.7640211386377462
61,199,3.250398539451146,2.2522867241577305,3.033014467382117
61,2,2.756899509818915,1.2677676750214062,0.13350782246528234
61,20,0.7022823532414174,0.748882222943636,0.8074168719264346
61,200,2.030390284799972,1.61417576426243,1.5138891571654607
61,201,2.7683025301108386,2.8189196709419364,2.8093412898625694
61,202,1.1726257426002116,1.1728484255530924,1.1730680885373046
61,208,0.972698369219672,1.0055823328131457,0.9998748364926494
61,21,1.1086728956473415,0.5529678426965879,0.6371449997635799
61,210,3.6700115391727586,2.997728052520906,2.8460190672838497
61,211,2.847520855328881,3.429705299626723,1.9167658301045594
61,212,0.5505727746386996,0.524805464178291,0.3623336134651969
61,213,0.26587024741197035,0.5763546180012267,0.238159782815222
61,214,5.9916724976215034,5.450782819523126,5.279467209327237
61,215,0.9245526229286999,0.9245526229286999,0.9245526229286999
61,216,1.8924899145714769,2.220145230292511,1.5247022025731773
61,217,0.6849252414311354,0.27532065091001484,0.5376968603553295
61,218,2.1954640396019918,1.671048468621815,1.2942709657070475
61,219,0.5053519343649088,0.5053519343649088,0.5053519343649088
61,22,0.5439659966790863,0.7153886800188759,0.5765872953633076
61,220,0.9109576067676309,0.8673878487888563,0.9835669133386103
61,221,0.8410035827162052,0.6118238307578302,0.8584196030425483
61,222,0.4372247108666764,0.36790679328372594,0.26839764596776045
61,223,0.7315760163106289,0.7315760163106289,0.7315760163106289
61,224,1.990123456790122,1.990123456790122,1.990123456790122
61,226,8.128982359502839,6.954309730595793,6.161256056463447
61,23,103.46569252409692,112.04105092674685,115.40777832747982
61,230,0.1486377348367974,0.047856613080052755,0.03539674530791583
61,231,2.2771822805879043,0.8356011733752892,0.7328568661623174
61,232,1.0899265758827428,1.1372421808189448,1.0807151652362206
61,233,1.3238870358443633,1.1745601774300605,1.1324832723767313
61,234,1.0195066056892979,0.5235426948717133,0.4269126686827002
61,238,1.0710992081911748,1.061671635731458,1.052801399278439
61,239,0.6819296547519557,0.5219789824340212,0.5519940287947648
61,24,0.14474985973283894,0.15284882999736768,0.41703478874132854
61,241,1.275659080997636,1.5734948927715278,2.188837826131978
61,242,1.0227592687288878,0.9055829348237058,0.8129086342680517
61,244,0.6406534538602177,0.6406302066629578,0.6406069594656981
61,245,0.2545360507832619,0.4177828775459993,0.5638969688192302
61,246,0.8851134190286943,0.4050865995106059,0.4676660233532628
61,247,0.42841807071584687,0.21414062665093928,0.21900326694515493
61,248,0.6335575728450556,0.41407752163145073,0.42692535543937216
61,249,0.8268762399931541,0.8268762399931541,0.8268762399931541
61,251,0.4083776074417061,0.4502127697394663,0.4390824663531692
61,252,0.26625657719507256,0.41457672248682237,0.6791225772864817
61,253,0.6719587579712317,0.6969358672359092,0.5983415661375235
61,254,0.8095137598243425,0.8095095530193314,0.8095053462143204
61,255,1.15413227461724,1.15413227461724,1.15413227461724
61,256,0.7643343839493476,0.5884836338354987,0.9195549275894418
61,257,1.0012949946352672,0.6403336274785937,0.5848354369463263
61,258,0.3507763760638754,1.1277437754243504,0.43010444887699095
61,259,0.8267779449000049,0.4934446115666716,0.6569061500282101
61,26,1.8345056105476498,1.3850079344435642,1.2295187143424269
61,260,0.5250800561125885,0.3325353282954017,0.252891428523274
61,261,0.46879923944733104,0.5131470275313865,0.6700462852080983
61,262,1.411787824938914,1.573040713572208,0.972043738721409
61,263,0.824386271265119,0.824386271265119,0.824386271265119
61,264,0.754716981132075,0.8059020982487529,0.8059020982487529
61,265,0.7807726120874642,1.280324919149514,0.7734727270624088
61,266,1.0113417647471625,0.7342719915120394,0.8508411189590607
61,267,0.5712802857859506,0.969519669451833,0.7966471061237227
61,268,0.7837921373859783,0.7676124373923834,0.7419553166342417
61,269,1.2529368103886296,1.1725227668284652,1.1669689491089204
61,27,2.185488471854694,-0.42637966706317193,1.9441744188632226
61,271,1.4827963630085887,0.9758569418984111,1.1608122348558794
61,272,1.070242823549667,1.0196221010378537,0.9764299100383041
61,273,1.1510861114466986,1.1166771331705923,0.9275578325198097
61,274,0.44898102379616844,0.44898102379616844,0.44898102379616844
61,275,0.20819327576706106,0.47480773692988043,0.345515413214565
61,276,0.06966858421962796,0.8613085228463947,0.6258188906588836
61,277,1.180213943216888,1.2304405821076427,1.3825059795485852
61,278,1.8039009327566882,2.1655949348959336,1.7444038315386339
61,279,1.8336793246609389,1.6112283506879603,1.7734723079713257
61,280,1.016331439672214,0.9079075277050693,1.068325420926006
61,281,3.046246902804862,2.439377666319769,2.1485342186344374
61,282,1.8437073699560116,1.9388261315470403,2.0723893934546065
61,284,0.6352302904581241,0.6434417362630797,0.7858475662555956
61,285,0.44343832591430643,0.4032152336512859,0.481842798951356
61,286,0.29545963578910167,0.26253827251753076,0.26995510187273486
61,287,0.7083178446630504,1.7204632205423742,0.8574701238261339
61,288,1.2301317968659362,1.2489999119832629,1.3178929256629155
61,289,1.5882964935378727,1.287538260760621,1.308302291185762
61,29,0.26511744578863383,0.6810613475003627,0.22541887118123913
61,291,1.1470733040391143,0.9863278118220468,3.2106492076792876
61,292,0.7248861118555167,0.539540306785591,0.6777696614003471
61,293,0.6245783337537277,0.6617452162146594,0.5307178609273793
61,295,0.5613317486659909,0.55897714024415,0.5566690511364313
61,296,0.7537151427706288,0.7537151229024138,0.753715103034199
61,3,1.406501167154767,1.0387018365478144,1.238025081068561
61,30,0.32627094348636565,0.32063315302174733,0.24692052282784638
61,31,3.616681808762562,1.5289102962327679,0.15940275402178558
61,32,1.627571506097891,1.1244878502461475,0.652498049726846
61,33,1.3197662778111334,1.3197662778111334,1.3197662778111334
61,34,0.16088296243526734,0.15268850480226095,0.17988470845697277
61,35,0.8067872709732921,0.8067862124778172,0.8067851539823424
61,36,0.8380119465868381,0.8762929588784522,0.7336713430912208
61,37,0.6905686646117135,0.30922928480077,0.2719836436474026
61,38,2.304370460725695,1.2945193769374401,1.8184514516899748
61,39,2.8679245283018866,2.8679245283018866,2.8679245283018866
61,4,1.429808036821945,1.5501649634939039,1.945281780276612
61,42,2.0077100948153226,1.6508545440427955,1.4690065187298915
61,43,0.38137215484431436,0.3206285063649537,0.38484988749525
61,44,2.318203393549766,0.7194828486088166,1.0282792539381889
61,45,2.0048918195344076,2.0047770607250004,2.0046645271556645
61,46,0.35495678562085936,0.10136822148417202,0.10866435268113812
61,47,54.86721345289265,31.125804702715914,31.47419056410865
61,48,49.50266964734616,31.311262886105123,29.691445356956034
61,49,1.3702784937950483,1.2731671966445952,1.2719958809348453
61,5,0.6611002160570392,0.6611002160570392,0.6611002160570392
61,50,1.242187137742101,1.2073554296430717,1.204167893407239
61,51,0.8479687765237715,0.7328363692948493,0.7592053980995886
61,52,0.42642787716026015,0.389960583503606,0.3783049433724948
61,53,1.0950122113306084,0.4875007237595452,0.4273185951182865
61,54,12.219913534039373,7.787607683411092,7.703445303687727
61,57,0.9410414391404301,1.7008632125019725,0.7303270926532702
61,58,0.40978199183571,0.6335789045174011,0.5198608422785455
61,59,0.5152942257295412,0.5151776932263388,0.5150611607231365
61,60,0.26631393298059985,0.26631393298059985,0.26631393298059985
61,61,1.785607399774193,1.7812406980380011,1.7048107588930552
61,62,4.246328311980958,4.310696848317464,4.336982949994964
61,63,1.7370119351589963,1.2446225643501316,0.6171896447781616
61,64,1.8131183726049738,0.41615741671750267,1.5051686755216014
61,65,6.336724207843054,2.7858768148845523,2.7370187737971055
61,66,0.6430969302392673,0.6505227889279477,0.6557604124710853
61,67,1.0542405775949226,1.564206682883114,1.5288581485038566
61,68,1.1851851851851851,1.1851851851851851,1.1851851851851851
61,69,0.9082771542674601,0.9999853369990112,0.771056983280137
61,7,0.8528398997983825,0.6448094499433684,0.44377467616813676
61,70,1.0905027536567804,1.0771260402516696,0.8738378599576038
61,71,3.6699886101611887,2.4246995259307638,0.7576188270132725
61,73,0.7206848215067344,0.23693083830739703,0.8360466795555732
61,75,0.6406809489582249,0.45741995707065525,0.5729573705673024
61,76,2.2583091237235284,1.3511550680117417,1.2925326350182662
61,78,0.880317303551804,0.9256773808862812,1.0170962467879618
61,79,0.415415190979091,0.37711520319815905,0.4375060168301559
61,8,1.9732237791187728,2.160105071534714,2.162760551231052
61,80,2.355043933205519,1.9259097988189862,1.9163619283372109
61,81,0.8467031292450057,0.6551935624272313,0.5381843285270568
61,82,1.0352662307976395,1.0352661570666006,1.0352660833355618
61,83,0.893972798194319,1.1294571143872503,0.8707611474265063
61,85,0.931153050647961,0.8391075461611134,0.7557552330876671
61,87,3.4133783416072583,3.0716618220444687,2.2870176139754466
61,88,2.7912509207593543,2.7912509207593543,2.7912509207593543
61,89,1.6642093052883042,1.6642093052883042,1.6642093052883042
61,9,0.5204126502619849,0.5202906442222912,0.5201686381825976
61,91,4.345855477990789,1.5784734106288802,1.678197730015004
61,92,1.0074924559820264,1.006703628244854,1.0059133699962068
61,94,1.7763684415194352,0.6828549396021671,1.0683361640437046
61,95,2.8526924145635504,0.3330307823588213,1.073458646513082
61,98,0.27811808300965396,0.5643638434295198,0.4357841938802733
61,99,8.064773399336492,8.147891982204788,8.05934936382784
62,1,0.3990344631759977,0.7350627970550946,0.13195961665385406
62,100,1.626605794249359,1.289331272417055,1.3953538395222373
62,102,1.4754107533812928,1.4703902329407914,1.4650453135692272
62,104,1.0769491195798144,0.8761013745630614,1.063291536591707
62,107,2.8686141207637568,0.9777115101718387,1.4522111098194328
62,112,1.1926047755106814,1.2751766429274327,1.0653694205267799
62,113,1.2988014952971152,0.986450935724298,0.807340988837387
62,114,1.3115447682060686,1.047682335110608,1.254759333037888
62,117,1.038541974224544,1.6420350719621222,1.616450268743284
62,118,0.2626654654556408,0.275709928200575,0.4917631784305954
62,119,1.6417780813006235,1.641777888480368,1.6417776956601131
62,12,0.7387014187990032,0.7068230084384681,0.8142118099804385
62,120,0.5447974810934697,0.6267958136568818,0.63813363798502
62,121,1.6126470495446632,1.2727322183446235,0.9294181540906541
62,126,4.389612869982902,3.8458280215839324,4.741366424000134
62,128,1.9110911219705873,2.0284491508701556,2.0673032732859205
62,13,0.63790566263605,0.63790566263605,0.63790566263605
62,135,1.094883718033129,0.7937726258745794,0.7223300371929735
62,136,2.291901007959243,1.3664973016093256,1.6323947220087245
62,14,1.0974063424878062,0.9299970346022701,1.0555643660677383
62,141,2.4019979421169717,1.860917317092645,1.7437844810937204
62,143,1.6128094456823272,1.6128094456823272,1.6128094456823272
62,146,4.286564859328798,0.9346226484243725,0.9496399541149955
62,147,1.3592047332489117,0.9377841124193322,0.6837386767160014
62,148,3.204801526960947,3.204801526960947,3.204801526960947
62,151,0.5725252716144421,0.66625585860842,0.6925138614427326
62,153,1.3450640028071155,1.1624873092126597,1.141869399483179
62,154,3.4692814262526643,2.847653752401865,2.5611028212282427
62,155,0.6112869794534151,0.5045855464943703,0.4416416154372609
62,156,2.654724216953877,2.7667728772077553,2.600182188292954
62,159,1.7037627581102017,1.7038607124506804,1.7039586667911593
62,160,0.7035186111239083,0.7327193736963237,0.7015968347060938
62,161,0.35851001730399074,0.304289669089919,0.3123651773705769
62,162,0.6901721896028463,0.6901721896028463,0.6901721896028463
62,163,0.46154881557089705,0.4250697252557701,0.5007163435939564
62,164,1.866802430832841,1.4742371138502361,1.535419003793977
62,165,1.0799856779117059,0.7269533647737886,0.9268957680900973
62,166,0.34854194945513295,0.34175446551922944,0.33528013158431463
62,169,0.9064320230570818,0.9064320230570818,0.9064320230570818
62,170,1.648495498198594,1.5623981881706366,1.4448583988007766
62,171,0.8632192823201263,0.8632323176203641,0.8632451542384527
62,172,1.1419061795939198,1.1591449954168471,1.0910981308979373
62,175,0.8950085942272494,0.8352169173792543,0.8242240517511522
62,176,1.3185650105422493,1.0119459354453544,1.4475236636494373
62,177,0.46339666252522754,0.43466290266064095,0.34353480430538946
62,178,0.9586454046242355,0.879402133788249,0.945442230896691
62,19,0.6343622323019932,0.3889693397887279,0.34604878158771907
62,190,0.6844878773175224,0.473558882339072,0.7008837806328287
62,191,0.3313163743755121,0.3313163743755121,0.3313163743755121
62,192,1.2301749220555644,1.0906865516765134,1.237609706758492
62,198,0.552824943018759,0.39952648142347097,0.41081046027752716
62,199,1.4832816178896226,1.5497427466243616,1.2881914575244071
62,2,3.3189816518515802,2.2313719211419554,2.2628867365978995
62,20,0.6415094339622645,0.6415094339622645,0.6415094339622645
62,202,0.5566814776160631,0.5138833253979579,0.7148339151004576
62,203,0.561104577778838,0.5371570275261698,0.5371570275261698
62,204,0.8552039211210726,1.1792397684731906,1.4562321190782488
62,205,0.2828391734052111,0.2828391734052111,0.2828391734052111
62,206,0.9602547199428617,1.0688876050268912,1.4347543517447277
62,209,0.6250787627240343,0.780353487667568,0.7798222920922647
62,21,1.284473039429501,0.8442693660557051,0.7283115008876381
62,210,2.720228449690822,3.1877724789198845,1.994488933711013
62,213,1.3503144654088064,1.3503144654088064,1.3503144654088064
62,214,3.0445894005241088,2.794921790537695,2.796298339940568
62,216,2.1924851710804965,2.034824887670144,1.9308412586055859
62,217,0.4282213822129091,0.1838450049482505,0.21732210071113908
62,218,4.360425211782772,3.241873712674392,3.3916593965236004
62,22,0.5707985321557735,0.6046407007107858,0.6084213951796485
62,224,0.5841503628036064,0.5249011273278511,0.5235731546392983
62,225,0.35869820540699465,0.36395592800139337,0.3547401850519492
62,226,6.005139296401155,5.254106607844821,5.067185647121341
62,23,51.84009599705712,42.306246823027635,38.28816772265565
62,233,1.596774421663022,0.5600800915402157,0.4973891423727425
62,238,0.6731347805904395,0.6384972652205457,0.8227025850778533
62,239,0.9476072830979246,0.9269707805595928,0.9001223121331982
62,246,0.3608191396263087,0.5545234838565121,0.38112917327347
62,248,1.2438100486395312,1.8344009016701825,2.177467355148169
62,254,0.462420612684143,0.48522285779811253,0.48829176014801307
62,262,0.14374076363294572,0.14460025579776398,0.3956167358896298
62,268,0.7061804607491561,0.5319353108148507,0.5325566480075207
62,271,0.259872664777175,0.25848415882681514,0.25710745017693404
62,276,0.7586606353032926,0.7296350579591152,0.80407903960575
62,278,1.5044717893416284,0.8528183813982353,0.5957008814460671
62,279,0.8911377888701896,0.8778927301856011,0.8734639169765734
62,281,1.0659641524735606,1.0659641524735606,1.0659641524735606
62,282,0.8743378343513681,0.6985379770544166,0.34128043793656104
62,283,0.8334878561866302,0.7399850421931543,0.6972398617138033
62,284,0.6074817212176675,0.6606290714279482,0.6592616139239803
62,287,0.7224318481430526,0.7052468050359927,0.7480259373385308
62,288,1.449969369611928,0.45471603636420216,1.058335256686563
62,289,0.703703703703704,0.703703703703704,0.703703703703704
62,29,1.0866852127590139,0.6661518116598656,0.7385289196580977
62,291,0.166663976300243,0.18268743161436451,0.15148583369684562
62,294,0.4737490942534655,0.5728005940712871,0.9662309834876076
62,296,0.20176541195377642,0.22456956034611664,0.23394898005543427
62,37,1.1680230604850885,0.8569705110545455,0.8173042631590768
62,40,3.057896574000409,1.9833427849237903,0.18406468523985842
62,47,12.62620390987115,8.787996036437109,8.866223316373384
62,48,12.086131786837436,8.035768891789887,7.8049248176687405
62,50,0.5581460093454782,0.5581460093454782,0.5581460093454782
62,52,0.9063325974965594,0.4588498643165883,0.2835397408846894
62,6,1.383334843273986,0.3863175012009655,0.33368459671703316
62,61,0.7010614258641965,0.6865227267117784,0.8574143457090179
62,63,1.4578473271698602,0.4178359600087354,0.6740727899628441
62,64,2.8416531009547357,1.7471155288986886,1.4080162540068135
62,70,1.6026890043024118,0.6825980500508946,0.7501262247167083
62,72,0.6417361407451612,0.5317830657874444,0.5145069450345406
62,74,1.0188679245283023,1.0188679245283023,1.0188679245283023
62,77,1.9770341931567703,1.1838759682125397,1.695011112847381
62,8,2.2371321271571722,2.2371321271571722,2.2371321271571722
62,80,3.551105224141573,2.1074666771758075,2.293850987771782
62,84,1.2227314574872594,1.2228360191358072,1.222940580784355
62,86,1.4169877199752328,0.811883809269104,0.49744459413758063
62,87,4.219171126333577,3.0098667518904834,2.805489810810341
62,88,3.514247965114089,4.488763967037116,3.4715006115093074
62,89,3.0118379525284844,3.063794408450551,2.960953691047985
62,90,1.1565569857053275,1.1940404755197427,1.1273863410694627
62,91,2.1596178178184253,0.5923774792455706,1.0447548761566028
62,92,1.3617706667009541,0.9517694126352495,1.0472805840270276
62,93,0.6882968881638214,0.8894647216315102,0.7192549908101123
62,94,1.1574309347152063,1.1404018824811473,1.097245798862393
62,96,0.4547281602314934,0.29882013580592126,0.5426243407569155
62,99,12.688605519929581,10.684341463763523,12.18772325318892
63,100,0.2214375295686236,0.22109626725148188,0.2207592637835948
63,107,7.443841787785641,1.7532747921494163,0.8906756073129308
63,111,1.3262584499565404,1.294486646276866,1.1671566423782929
63,113,0.7651179227496518,0.7651179227496518,0.7651179227496518
63,119,0.7006755182855812,0.7006755182855812,0.7006755182855812
63,124,93.58400753157609,67.40809172958951,67.17650803220967
63,126,6.088625697228225,5.138798816065674,4.859547137921909
63,128,2.1033263500277304,1.4723265806645756,1.0140883586851361
63,135,1.3779892992873295,1.35037091426995,1.181552392753581
63,136,3.4799406464780493,3.968157578689573,3.6290664055689263
63,138,0.6187211875515791,0.9327614881621439,0.15061219623623315
63,154,0.706559689039229,0.41123815186047596,0.38623155390950964
63,160,0.631288345388447,0.5221899522218179,0.22869314737599958
63,168,0.8128855202988307,0.24002987340751802,0.17935441806220584
63,169,1.2059064300292486,1.1023273154264832,0.9330377107485731
63,178,1.1532261821569998,1.1532261821569998,1.1532261821569998
63,186,20.63532142900235,17.441259817931435,17.808606547609276
63,188,0.8774473320466285,0.7942971236419784,0.6949416446251
63,189,2.222831834811154,2.282900363021726,1.493691333815935
63,19,0.22220397925047453,0.2907519880387255,0.2740929196578353
63,2,3.7848119805039566,1.1842819573686725,0.9850196499220495
63,200,0.6097543488424955,0.612422901909092,0.614596803628925
63,207,1.535100498560383,1.6473455923594555,1.562084639321306
63,213,0.7435399266831237,0.8072990322284023,0.8195459077515155
63,214,1.3912276029712691,1.204427706735805,1.1369475654021022
63,218,0.8270349833624486,0.8272248042878433,0.8220972712270931
63,227,2.145694887761966,1.4348514394061687,0.8063794108036241
63,228,1.7409155529953824,-0.34650538286663846,-0.3498864499675806
63,23,60.820597778513765,60.187100770209234,55.74132717904488
63,234,0.25813160543348135,0.25813160543348135,0.25813160543348135
63,237,0.7315437094805449,0.6647608397776135,0.6789359522818922
63,239,0.4654550037630605,0.46992048228968913,0.17397286459324066
63,240,2.1199063478849993,0.997538870316518,0.9247087929611121
63,268,0.9544803470139712,0.5643056636148739,0.7080344681696836
63,27,0.6163622742801887,0.6065657148122751,0.5582100489557671
63,278,0.6343170873458991,0.7474448074936287,0.8143788531833995
63,279,0.13664757312951262,0.14082562972374954,0.532120969834811
63,284,0.42282695415091665,0.42282695415091665,0.4595552312882942
63,290,0.6985899041866942,0.6985899041866942,0.6985899041866942
63,30,0.9015600169238481,0.6131900759336065,0.6957143463560232
63,47,15.171626090834458,9.483404670517263,7.643973137210626
63,48,14.709309485193373,9.53135458478028,7.872645163304681
63,49,1.7286855292133023,1.6695798920903047,1.7009254197352455
63,53,0.7292935750113699,0.732960235342833,0.25552732986121074
63,54,6.465249052466145,4.855129330153075,3.285752112659799
63,56,1.0946392610720874,0.98858734444224,1.1956670745850175
63,63,2.428670267514548,1.938962207163437,1.9348946558027986
63,73,1.2599873391013237,0.792751868813046,0.768230630073114
63,83,0.36922888019921674,0.3643223775286657,1.554004235409029
63,87,0.7453603792486376,0.7445053325961094,0.743652138606504
63,88,0.6910509781597542,0.6949779101288628,0.6878370215169394
63,92,0.6901596789084916,0.6901667075129335,0.6901737361173753
63,97,0.3411643017282471,0.3329582937384234,0.33063458848893695
63,99,4.882130679991863,4.560928832042485,3.570278052563701
64,103,4.552224354299616,3.033432818097303,5.495194737779099
64,150,0.9574501374692902,0.8379227457600548,0.9657557581585795
64,16,4.157176553597311,3.785863670035486,4.326239132830222
64,17,59.61031255562964,32.48131701555942,49.89862184412956
64,193,0.7581226187434734,0.7577733258393349,0.765154523649508
64,20,0.876539376004498,0.7746534225003918,0.688958296154024
64,21,1.02175870221557,0.9986588858698591,0.9986588858698591
64,23,20.626358683448974,16.86371088254849,14.732289033369904
64,238,0.650411975228832,0.6561087056272265,0.6449787259211869
64,4,0.9599023115195059,1.1719966731415496,1.0651334157600594
64,55,1.2877117429729728,1.2877117429729728,1.2877117429729728
64,63,0.9315439534809838,0.5942996196147073,1.2531955302740119
65,126,3.3489120126880927,3.3489120126880927,3.3489120126880927
66,124,6.304949818820411,6.360616161175922,5.997515696171153
66,126,2.2376109387734466,2.2376109387734466,2.2376109387734466
7,126,1.641264876942939,1.2850741826604228,1.4330039458842885
8,126,2.151001411560808,2.1295856100723594,2.1099389079187927
9,124,19.750640147958265,18.381698727139966,18.50260252281993
9,126,2.643594614375884,2.2879761233151883,2.6985784483297794
9,49,0.6448234805362065,0.7321714781549509,0.6477233334637913
