Store,Product,2024-04-15,2024-04-22,2024-04-29,2024-05-06,2024-05-13,2024-05-20,2024-05-27,2024-06-03
0,126,1.0,1.0,1.0,1.0,1.0,1.0,1.0,1.0
0,182,1.0,1.0,1.0,1.0,1.0,1.0,1.0,1.0
1,124,7.0,7.0,7.0,6.0,6.0,6.0,7.0,6.0
2,124,9.0,11.0,7.0,9.0,8.0,7.0,8.0,9.0
2,126,2.0,2.0,2.0,2.0,2.0,1.0,1.0,1.0
3,126,3.0,3.0,3.0,3.0,3.0,3.0,3.0,3.0
4,124,11.0,11.0,11.0,11.0,11.0,11.0,11.0,11.0
4,126,1.0,1.0,1.0,1.0,1.0,1.0,1.0,1.0
5,126,3.0,3.0,3.0,3.0,3.0,3.0,3.0,3.0
6,124,7.0,7.0,6.0,6.0,6.0,6.0,6.0,6.0
7,126,3.0,3.0,3.0,3.0,3.0,3.0,3.0,3.0
8,126,4.0,4.0,4.0,4.0,4.0,4.0,4.0,4.0
9,49,1.0,1.0,1.0,1.0,1.0,1.0,1.0,1.0
9,124,18.0,19.0,18.0,19.0,18.0,18.0,20.0,18.0
9,126,4.0,3.0,3.0,3.0,3.0,3.0,3.0,3.0
10,126,1.0,1.0,1.0,1.0,1.0,1.0,1.0,1.0
11,126,1.0,1.0,1.0,1.0,1.0,1.0,1.0,1.0
12,124,9.0,9.0,9.0,9.0,9.0,9.0,9.0,9.0
13,103,3.0,3.0,3.0,3.0,3.0,3.0,3.0,3.0
14,124,15.0,14.0,13.0,13.0,12.0,12.0,12.0,12.0
14,126,1.0,1.0,1.0,1.0,1.0,1.0,1.0,1.0
15,126,1.0,1.0,1.0,1.0,1.0,1.0,1.0,1.0
16,126,2.0,2.0,2.0,2.0,2.0,2.0,2.0,2.0
17,126,2.0,2.0,2.0,2.0,2.0,2.0,2.0,2.0
18,124,14.0,13.0,14.0,14.0,14.0,14.0,16.0,14.0
18,126,3.0,3.0,3.0,3.0,3.0,3.0,3.0,3.0
19,17,13.0,15.0,19.0,18.0,18.0,19.0,18.0,16.0
19,103,6.0,6.0,6.0,6.0,6.0,6.0,6.0,6.0
20,126,2.0,2.0,3.0,3.0,3.0,3.0,3.0,3.0
21,124,14.0,13.0,15.0,14.0,11.0,10.0,13.0,13.0
21,126,2.0,2.0,2.0,2.0,2.0,2.0,2.0,2.0
22,126,3.0,3.0,3.0,3.0,3.0,3.0,3.0,3.0
23,124,8.0,8.0,10.0,8.0,8.0,8.0,9.0,9.0
24,126,3.0,2.0,2.0,2.0,2.0,2.0,2.0,2.0
25,124,10.0,10.0,10.0,10.0,10.0,10.0,10.0,10.0
25,126,2.0,2.0,2.0,2.0,2.0,2.0,2.0,2.0
26,126,3.0,3.0,3.0,3.0,3.0,3.0,3.0,3.0
27,124,8.0,8.0,8.0,8.0,8.0,8.0,8.0,8.0
27,126,1.0,1.0,0.0,0.0,0.0,0.0,0.0,0.0
28,17,19.0,20.0,20.0,20.0,20.0,20.0,20.0,20.0
28,103,1.0,2.0,3.0,3.0,2.0,1.0,1.0,2.0
29,17,10.0,10.0,10.0,9.0,9.0,9.0,9.0,9.0
30,126,1.0,1.0,1.0,1.0,1.0,1.0,1.0,1.0
31,126,1.0,1.0,1.0,1.0,2.0,2.0,2.0,2.0
32,124,7.0,7.0,8.0,11.0,5.0,8.0,10.0,9.0
32,126,2.0,2.0,2.0,2.0,2.0,2.0,2.0,2.0
33,126,3.0,2.0,2.0,2.0,2.0,2.0,2.0,2.0
34,17,7.0,7.0,7.0,7.0,7.0,7.0,7.0,7.0
34,103,1.0,1.0,1.0,1.0,1.0,1.0,1.0,1.0
35,17,11.0,10.0,10.0,10.0,10.0,11.0,10.0,10.0
36,124,8.0,8.0,8.0,9.0,7.0,9.0,10.0,9.0
36,126,2.0,2.0,1.0,1.0,1.0,1.0,1.0,1.0
37,103,5.0,5.0,4.0,4.0,4.0,4.0,4.0,4.0
38,126,1.0,1.0,1.0,2.0,2.0,2.0,2.0,2.0
39,17,7.0,7.0,7.0,7.0,6.0,6.0,6.0,6.0
40,17,6.0,6.0,6.0,6.0,6.0,6.0,6.0,6.0
40,103,0.0,1.0,-0.0,-0.0,0.0,0.0,-0.0,0.0
41,17,11.0,11.0,10.0,12.0,11.0,12.0,10.0,11.0
41,103,3.0,2.0,3.0,3.0,4.0,5.0,3.0,4.0
42,17,4.0,5.0,4.0,4.0,4.0,3.0,4.0,2.0
42,103,2.0,2.0,2.0,2.0,2.0,2.0,2.0,2.0
43,17,5.0,4.0,4.0,4.0,4.0,4.0,5.0,5.0
44,17,12.0,11.0,11.0,12.0,11.0,11.0,11.0,13.0
44,103,1.0,1.0,1.0,1.0,1.0,1.0,1.0,1.0
45,17,13.0,13.0,13.0,13.0,13.0,13.0,13.0,13.0
45,103,2.0,2.0,2.0,2.0,2.0,2.0,2.0,2.0
46,126,2.0,2.0,2.0,2.0,2.0,2.0,2.0,2.0
47,124,5.0,5.0,4.0,4.0,4.0,4.0,4.0,4.0
48,126,3.0,3.0,3.0,3.0,3.0,3.0,3.0,3.0
49,17,11.0,11.0,11.0,12.0,12.0,12.0,12.0,12.0
49,103,2.0,2.0,2.0,2.0,2.0,2.0,2.0,2.0
50,126,5.0,5.0,5.0,5.0,5.0,5.0,5.0,5.0
51,124,6.0,7.0,7.0,7.0,7.0,7.0,7.0,7.0
52,126,2.0,2.0,3.0,3.0,3.0,3.0,3.0,3.0
52,239,1.0,1.0,1.0,1.0,1.0,1.0,1.0,1.0
53,17,10.0,10.0,10.0,10.0,10.0,10.0,10.0,10.0
54,17,11.0,11.0,11.0,11.0,11.0,11.0,11.0,11.0
54,103,2.0,2.0,2.0,2.0,2.0,2.0,2.0,2.0
55,103,3.0,3.0,3.0,3.0,3.0,3.0,3.0,3.0
56,126,2.0,2.0,2.0,2.0,2.0,2.0,2.0,2.0
57,17,6.0,6.0,6.0,6.0,6.0,7.0,7.0,7.0
58,17,6.0,7.0,7.0,7.0,8.0,8.0,8.0,8.0
59,126,0.0,0.0,0.0,0.0,0.0,0.0,0.0,0.0
60,2,1.0,1.0,3.0,1.0,0.0,1.0,1.0,0.0
60,3,1.0,1.0,1.0,1.0,1.0,1.0,1.0,1.0
60,4,1.0,1.0,1.0,1.0,1.0,1.0,1.0,1.0
60,7,1.0,1.0,1.0,1.0,1.0,1.0,1.0,1.0
60,8,1.0,1.0,1.0,1.0,1.0,1.0,1.0,1.0
60,10,1.0,1.0,1.0,1.0,1.0,1.0,1.0,1.0
60,18,1.0,1.0,1.0,1.0,1.0,1.0,1.0,1.0
60,19,1.0,1.0,1.0,1.0,1.0,1.0,1.0,1.0
60,20,1.0,1.0,1.0,1.0,1.0,1.0,1.0,1.0
60,21,1.0,1.0,1.0,1.0,1.0,1.0,1.0,1.0
60,22,1.0,1.0,1.0,1.0,1.0,1.0,1.0,1.0
60,23,67.0,93.0,67.0,59.0,59.0,72.0,86.0,50.0
60,25,1.0,1.0,2.0,2.0,1.0,2.0,2.0,2.0
60,28,1.0,1.0,1.0,1.0,1.0,1.0,1.0,1.0
60,29,2.0,2.0,3.0,3.0,3.0,3.0,3.0,3.0
60,30,1.0,1.0,1.0,1.0,1.0,1.0,1.0,1.0
60,33,1.0,1.0,1.0,1.0,1.0,1.0,1.0,1.0
60,39,1.0,1.0,1.0,1.0,1.0,1.0,1.0,1.0
60,40,1.0,1.0,1.0,1.0,1.0,1.0,1.0,1.0
60,41,0.0,0.0,0.0,0.0,0.0,0.0,0.0,0.0
60,42,0.0,1.0,1.0,1.0,1.0,1.0,1.0,1.0
60,45,2.0,3.0,2.0,2.0,2.0,2.0,3.0,2.0
60,47,11.0,14.0,16.0,13.0,9.0,10.0,13.0,11.0
60,48,11.0,14.0,17.0,12.0,9.0,9.0,12.0,10.0
60,49,1.0,1.0,1.0,1.0,1.0,1.0,1.0,1.0
60,51,1.0,1.0,1.0,1.0,1.0,2.0,2.0,2.0
60,55,1.0,1.0,1.0,1.0,1.0,1.0,1.0,1.0
60,56,1.0,1.0,1.0,1.0,1.0,1.0,1.0,1.0
60,61,1.0,1.0,1.0,1.0,1.0,1.0,1.0,1.0
60,64,0.0,2.0,2.0,0.0,2.0,0.0,1.0,2.0
60,65,1.0,1.0,1.0,1.0,1.0,1.0,1.0,1.0
60,67,1.0,0.0,1.0,0.0,1.0,1.0,1.0,1.0
60,87,1.0,1.0,1.0,1.0,1.0,1.0,1.0,1.0
60,88,2.0,3.0,2.0,4.0,2.0,1.0,3.0,3.0
60,89,1.0,1.0,1.0,1.0,1.0,1.0,1.0,1.0
60,91,1.0,1.0,1.0,1.0,1.0,1.0,1.0,1.0
60,92,1.0,2.0,1.0,2.0,1.0,1.0,1.0,1.0
60,94,1.0,1.0,1.0,1.0,1.0,1.0,1.0,1.0
60,99,5.0,5.0,4.0,7.0,4.0,4.0,7.0,5.0
60,100,1.0,1.0,1.0,1.0,1.0,1.0,1.0,1.0
60,105,1.0,1.0,1.0,1.0,1.0,1.0,1.0,1.0
60,106,1.0,1.0,1.0,1.0,1.0,1.0,1.0,1.0
60,109,4.0,5.0,5.0,5.0,5.0,5.0,5.0,5.0
60,111,1.0,1.0,1.0,1.0,1.0,1.0,1.0,1.0
60,112,1.0,1.0,1.0,1.0,1.0,1.0,1.0,1.0
60,114,1.0,1.0,2.0,2.0,2.0,2.0,2.0,2.0
60,116,1.0,1.0,1.0,1.0,1.0,1.0,1.0,1.0
60,121,1.0,1.0,1.0,1.0,1.0,1.0,1.0,1.0
60,122,1.0,1.0,1.0,1.0,1.0,-0.0,1.0,1.0
60,124,7.0,7.0,7.0,7.0,7.0,7.0,7.0,7.0
60,125,76.0,87.0,127.0,121.0,72.0,69.0,73.0,81.0
60,126,6.0,6.0,6.0,6.0,6.0,6.0,6.0,6.0
60,128,1.0,1.0,1.0,1.0,1.0,1.0,1.0,1.0
60,153,0.0,1.0,1.0,1.0,1.0,1.0,1.0,1.0
60,154,2.0,3.0,3.0,3.0,3.0,3.0,3.0,3.0
60,156,1.0,1.0,1.0,1.0,1.0,1.0,1.0,1.0
60,163,1.0,1.0,1.0,1.0,1.0,1.0,1.0,1.0
60,164,2.0,1.0,1.0,1.0,1.0,1.0,1.0,1.0
60,165,1.0,1.0,1.0,1.0,1.0,1.0,1.0,1.0
60,166,1.0,1.0,1.0,1.0,1.0,1.0,1.0,1.0
60,167,1.0,1.0,1.0,1.0,1.0,1.0,1.0,1.0
60,168,1.0,1.0,1.0,1.0,1.0,1.0,1.0,1.0
60,169,1.0,1.0,1.0,1.0,1.0,1.0,1.0,1.0
60,170,1.0,1.0,1.0,1.0,1.0,1.0,1.0,1.0
60,172,1.0,1.0,1.0,1.0,1.0,1.0,1.0,1.0
60,174,2.0,2.0,2.0,2.0,2.0,2.0,2.0,2.0
60,175,1.0,1.0,1.0,1.0,1.0,1.0,1.0,1.0
60,176,2.0,2.0,2.0,2.0,2.0,2.0,2.0,2.0
60,180,1.0,1.0,1.0,1.0,1.0,1.0,1.0,1.0
60,192,1.0,1.0,1.0,1.0,1.0,1.0,1.0,1.0
60,201,1.0,1.0,1.0,1.0,1.0,1.0,1.0,1.0
60,210,2.0,2.0,2.0,2.0,2.0,2.0,2.0,2.0
60,211,1.0,1.0,1.0,1.0,1.0,1.0,1.0,1.0
60,213,1.0,1.0,1.0,1.0,1.0,1.0,1.0,1.0
60,214,2.0,2.0,2.0,2.0,2.0,2.0,2.0,2.0
60,215,1.0,1.0,1.0,1.0,1.0,1.0,1.0,1.0
60,216,1.0,1.0,1.0,1.0,1.0,1.0,1.0,1.0
60,226,2.0,3.0,3.0,3.0,3.0,3.0,3.0,3.0
60,229,1.0,1.0,1.0,1.0,1.0,1.0,1.0,1.0
60,235,2.0,2.0,2.0,2.0,2.0,2.0,2.0,2.0
60,236,4.0,4.0,4.0,4.0,4.0,4.0,4.0,4.0
60,237,4.0,4.0,4.0,4.0,4.0,4.0,4.0,4.0
60,240,1.0,1.0,1.0,1.0,1.0,1.0,1.0,1.0
60,243,1.0,1.0,1.0,1.0,1.0,1.0,1.0,1.0
60,250,2.0,2.0,2.0,2.0,2.0,2.0,2.0,2.0
60,263,1.0,1.0,1.0,1.0,1.0,1.0,1.0,1.0
60,265,1.0,1.0,1.0,1.0,1.0,1.0,1.0,1.0
60,266,1.0,1.0,1.0,1.0,1.0,1.0,1.0,1.0
60,267,1.0,1.0,1.0,1.0,1.0,1.0,1.0,1.0
60,268,1.0,1.0,1.0,1.0,1.0,1.0,1.0,1.0
60,270,1.0,1.0,1.0,1.0,1.0,1.0,1.0,1.0
60,272,1.0,1.0,1.0,1.0,1.0,1.0,1.0,1.0
60,276,1.0,1.0,1.0,1.0,1.0,1.0,1.0,1.0
60,278,1.0,1.0,2.0,2.0,2.0,1.0,2.0,2.0
60,279,2.0,1.0,1.0,1.0,1.0,1.0,1.0,1.0
60,280,1.0,1.0,1.0,1.0,1.0,1.0,1.0,1.0
60,281,2.0,2.0,2.0,2.0,2.0,2.0,2.0,2.0
60,282,1.0,1.0,1.0,1.0,1.0,1.0,1.0,1.0
60,289,1.0,1.0,1.0,1.0,1.0,1.0,1.0,1.0
60,296,1.0,1.0,1.0,1.0,1.0,1.0,1.0,1.0
61,0,1.0,1.0,1.0,1.0,1.0,1.0,1.0,1.0
61,2,0.0,2.0,0.0,3.0,2.0,0.0,2.0,2.0
61,3,2.0,2.0,2.0,2.0,2.0,2.0,2.0,2.0
61,4,1.0,1.0,1.0,1.0,1.0,1.0,1.0,1.0
61,5,1.0,1.0,1.0,1.0,1.0,1.0,1.0,1.0
61,7,1.0,1.0,1.0,1.0,1.0,1.0,1.0,1.0
61,8,3.0,2.0,2.0,2.0,2.0,2.0,2.0,2.0
61,9,1.0,1.0,1.0,1.0,1.0,1.0,1.0,1.0
61,10,1.0,1.0,1.0,1.0,1.0,1.0,1.0,1.0
61,11,1.0,1.0,1.0,1.0,1.0,1.0,1.0,1.0
61,12,1.0,1.0,1.0,1.0,1.0,1.0,1.0,1.0
61,13,1.0,1.0,0.0,1.0,2.0,1.0,0.0,1.0
61,14,1.0,1.0,1.0,1.0,1.0,1.0,1.0,1.0
61,15,4.0,4.0,6.0,4.0,5.0,4.0,4.0,5.0
61,19,1.0,1.0,1.0,1.0,1.0,1.0,1.0,1.0
61,20,1.0,0.0,1.0,1.0,1.0,1.0,1.0,1.0
61,21,1.0,1.0,1.0,1.0,1.0,1.0,1.0,1.0
61,22,1.0,1.0,1.0,1.0,1.0,1.0,1.0,1.0
61,23,87.0,86.0,94.0,81.0,105.0,96.0,81.0,74.0
61,24,0.0,2.0,2.0,-0.0,-0.0,-0.0,1.0,-0.0
61,26,1.0,1.0,1.0,1.0,1.0,1.0,1.0,1.0
61,27,2.0,3.0,7.0,6.0,3.0,7.0,4.0,4.0
61,29,1.0,1.0,1.0,1.0,1.0,1.0,1.0,1.0
61,30,2.0,2.0,2.0,3.0,3.0,3.0,3.0,3.0
61,31,1.0,4.0,3.0,4.0,2.0,0.0,2.0,0.0
61,32,1.0,1.0,1.0,1.0,1.0,1.0,1.0,1.0
61,33,1.0,1.0,1.0,1.0,1.0,1.0,1.0,1.0
61,34,1.0,1.0,1.0,1.0,1.0,1.0,1.0,2.0
61,35,1.0,1.0,1.0,1.0,1.0,1.0,1.0,1.0
61,36,1.0,1.0,1.0,1.0,1.0,1.0,1.0,1.0
61,37,1.0,1.0,1.0,1.0,1.0,1.0,1.0,1.0
61,38,2.0,1.0,2.0,2.0,2.0,2.0,1.0,1.0
61,39,3.0,3.0,3.0,3.0,3.0,3.0,3.0,3.0
61,42,2.0,2.0,2.0,2.0,2.0,2.0,2.0,2.0
61,43,1.0,0.0,1.0,1.0,0.0,1.0,1.0,1.0
61,44,1.0,1.0,1.0,2.0,1.0,1.0,1.0,1.0
61,45,2.0,2.0,2.0,2.0,2.0,2.0,2.0,2.0
61,46,0.0,0.0,1.0,0.0,1.0,0.0,0.0,0.0
61,47,21.0,26.0,40.0,36.0,21.0,21.0,25.0,24.0
61,48,29.0,30.0,46.0,42.0,32.0,30.0,32.0,32.0
61,49,1.0,1.0,1.0,1.0,1.0,1.0,1.0,1.0
61,50,1.0,1.0,1.0,1.0,1.0,1.0,1.0,1.0
61,51,1.0,1.0,1.0,1.0,1.0,1.0,1.0,1.0
61,52,1.0,1.0,1.0,1.0,1.0,1.0,1.0,1.0
61,53,1.0,0.0,0.0,3.0,0.0,0.0,1.0,0.0
61,54,7.0,7.0,12.0,11.0,9.0,7.0,8.0,7.0
61,57,1.0,1.0,1.0,1.0,1.0,1.0,1.0,1.0
61,58,1.0,1.0,1.0,1.0,1.0,1.0,1.0,1.0
61,59,0.0,0.0,0.0,0.0,0.0,0.0,0.0,0.0
61,60,1.0,1.0,1.0,1.0,1.0,1.0,1.0,1.0
61,61,2.0,2.0,2.0,2.0,2.0,2.0,2.0,2.0
61,62,6.0,6.0,5.0,5.0,5.0,5.0,5.0,5.0
61,63,2.0,3.0,4.0,5.0,3.0,2.0,2.0,3.0
61,64,0.0,3.0,3.0,2.0,0.0,1.0,1.0,1.0
61,65,1.0,1.0,3.0,7.0,1.0,3.0,3.0,1.0
61,66,1.0,1.0,1.0,1.0,1.0,1.0,1.0,1.0
61,67,1.0,1.0,1.0,1.0,2.0,1.0,3.0,2.0
61,68,1.0,1.0,1.0,1.0,1.0,1.0,1.0,1.0
61,69,1.0,1.0,1.0,1.0,1.0,1.0,1.0,1.0
61,70,1.0,1.0,1.0,1.0,1.0,1.0,1.0,1.0
61,71,1.0,1.0,1.0,1.0,1.0,1.0,1.0,1.0
61,73,1.0,2.0,1.0,-0.0,-0.0,-0.0,3.0,1.0
61,75,1.0,1.0,1.0,1.0,1.0,1.0,1.0,1.0
61,76,2.0,1.0,2.0,1.0,2.0,1.0,1.0,1.0
61,78,0.0,1.0,1.0,1.0,1.0,1.0,1.0,1.0
61,79,1.0,1.0,1.0,1.0,1.0,1.0,1.0,1.0
61,80,2.0,2.0,2.0,2.0,2.0,2.0,2.0,2.0
61,81,1.0,1.0,1.0,1.0,1.0,1.0,1.0,1.0
61,82,1.0,1.0,1.0,1.0,1.0,1.0,1.0,1.0
61,83,0.0,2.0,7.0,2.0,2.0,1.0,2.0,5.0
61,85,1.0,1.0,1.0,1.0,1.0,1.0,1.0,1.0
61,87,3.0,2.0,2.0,3.0,3.0,2.0,3.0,3.0
61,88,3.0,3.0,3.0,3.0,3.0,3.0,3.0,3.0
61,89,2.0,2.0,2.0,2.0,2.0,2.0,2.0,2.0
61,91,1.0,1.0,1.0,3.0,1.0,1.0,1.0,1.0
61,92,1.0,1.0,1.0,1.0,1.0,1.0,1.0,1.0
61,94,1.0,1.0,1.0,1.0,1.0,1.0,1.0,1.0
61,95,0.0,1.0,2.0,3.0,0.0,1.0,1.0,1.0
61,98,1.0,1.0,1.0,1.0,1.0,1.0,1.0,1.0
61,99,11.0,7.0,12.0,9.0,9.0,9.0,7.0,6.0
61,100,1.0,2.0,1.0,1.0,1.0,1.0,2.0,2.0
61,101,1.0,1.0,1.0,1.0,1.0,1.0,1.0,1.0
61,105,1.0,1.0,1.0,1.0,1.0,1.0,1.0,1.0
61,107,2.0,2.0,0.0,2.0,1.0,0.0,1.0,1.0
61,108,0.0,1.0,0.0,0.0,0.0,0.0,0.0,0.0
61,109,10.0,13.0,19.0,16.0,12.0,12.0,12.0,14.0
61,110,1.0,1.0,1.0,1.0,1.0,1.0,1.0,1.0
61,113,1.0,1.0,1.0,1.0,1.0,1.0,1.0,1.0
61,114,3.0,4.0,4.0,4.0,4.0,4.0,4.0,4.0
61,115,1.0,1.0,1.0,3.0,1.0,1.0,0.0,1.0
61,119,1.0,1.0,1.0,1.0,1.0,1.0,1.0,1.0
61,120,1.0,1.0,1.0,1.0,1.0,1.0,1.0,1.0
61,121,1.0,2.0,4.0,2.0,-0.0,-0.0,2.0,-0.0
61,123,2.0,2.0,2.0,2.0,2.0,2.0,2.0,2.0
61,124,75.0,127.0,198.0,173.0,65.0,72.0,103.0,76.0
61,126,5.0,7.0,7.0,6.0,6.0,6.0,6.0,6.0
61,127,2.0,2.0,2.0,2.0,2.0,2.0,2.0,2.0
61,128,2.0,2.0,3.0,2.0,2.0,2.0,2.0,2.0
61,129,2.0,2.0,2.0,2.0,2.0,2.0,2.0,2.0
61,130,3.0,3.0,3.0,3.0,3.0,3.0,3.0,3.0
61,131,1.0,1.0,1.0,1.0,1.0,1.0,1.0,1.0
61,132,1.0,1.0,1.0,1.0,1.0,1.0,1.0,1.0
61,133,5.0,4.0,5.0,4.0,4.0,6.0,5.0,5.0
61,134,1.0,1.0,1.0,1.0,1.0,1.0,1.0,1.0
61,135,3.0,4.0,6.0,5.0,3.0,3.0,4.0,3.0
61,136,3.0,4.0,4.0,4.0,4.0,3.0,4.0,3.0
61,137,0.0,1.0,1.0,0.0,0.0,0.0,0.0,0.0
61,138,1.0,1.0,1.0,1.0,1.0,1.0,1.0,1.0
61,139,1.0,1.0,1.0,1.0,1.0,1.0,1.0,1.0
61,140,1.0,1.0,1.0,1.0,1.0,1.0,1.0,1.0
61,141,2.0,0.0,3.0,14.0,0.0,2.0,2.0,1.0
61,142,1.0,1.0,1.0,1.0,1.0,1.0,1.0,1.0
61,144,1.0,1.0,1.0,2.0,2.0,2.0,2.0,2.0
61,145,2.0,1.0,1.0,1.0,1.0,1.0,1.0,1.0
61,146,0.0,1.0,2.0,1.0,1.0,2.0,3.0,2.0
61,148,2.0,2.0,2.0,3.0,3.0,3.0,3.0,3.0
61,149,1.0,2.0,2.0,5.0,2.0,1.0,0.0,1.0
61,150,3.0,3.0,3.0,3.0,3.0,3.0,3.0,3.0
61,152,1.0,1.0,1.0,2.0,1.0,1.0,1.0,1.0
61,153,1.0,1.0,2.0,2.0,1.0,1.0,1.0,2.0
61,154,3.0,3.0,3.0,4.0,3.0,3.0,3.0,4.0
61,155,2.0,3.0,1.0,1.0,0.0,0.0,1.0,2.0
61,156,1.0,1.0,1.0,1.0,1.0,1.0,1.0,1.0
61,157,1.0,3.0,3.0,3.0,2.0,1.0,1.0,1.0
61,158,1.0,2.0,2.0,2.0,1.0,1.0,1.0,2.0
61,166,1.0,1.0,1.0,1.0,1.0,1.0,1.0,1.0
61,167,1.0,1.0,1.0,1.0,1.0,1.0,1.0,1.0
61,168,1.0,1.0,1.0,1.0,1.0,1.0,1.0,1.0
61,173,1.0,1.0,1.0,1.0,1.0,1.0,1.0,1.0
61,175,2.0,2.0,2.0,2.0,2.0,2.0,2.0,2.0
61,178,2.0,2.0,2.0,2.0,2.0,2.0,2.0,2.0
61,179,0.0,1.0,1.0,1.0,1.0,1.0,1.0,1.0
61,180,2.0,2.0,2.0,2.0,2.0,2.0,2.0,2.0
61,181,1.0,1.0,1.0,1.0,1.0,1.0,1.0,1.0
61,183,1.0,1.0,1.0,1.0,1.0,1.0,1.0,1.0
61,184,1.0,1.0,1.0,1.0,1.0,1.0,1.0,1.0
61,185,0.0,0.0,0.0,0.0,0.0,0.0,0.0,0.0
61,187,1.0,5.0,4.0,6.0,2.0,2.0,0.0,0.0
61,188,1.0,1.0,1.0,1.0,1.0,1.0,1.0,1.0
61,190,0.0,1.0,2.0,1.0,0.0,0.0,0.0,0.0
61,192,1.0,1.0,1.0,1.0,1.0,1.0,1.0,1.0
61,194,1.0,1.0,1.0,1.0,1.0,1.0,1.0,1.0
61,195,1.0,1.0,1.0,1.0,1.0,1.0,1.0,1.0
61,196,1.0,1.0,1.0,1.0,1.0,1.0,1.0,1.0
61,197,1.0,1.0,1.0,1.0,1.0,1.0,1.0,1.0
61,198,1.0,1.0,1.0,1.0,1.0,1.0,1.0,1.0
61,199,2.0,2.0,2.0,2.0,2.0,2.0,2.0,2.0
61,200,2.0,2.0,2.0,2.0,2.0,2.0,2.0,2.0
61,201,2.0,2.0,2.0,2.0,2.0,2.0,2.0,2.0
61,202,1.0,1.0,1.0,1.0,1.0,1.0,1.0,1.0
61,208,1.0,1.0,1.0,1.0,1.0,1.0,1.0,1.0
61,210,3.0,3.0,3.0,3.0,3.0,3.0,3.0,3.0
61,211,2.0,2.0,2.0,2.0,2.0,2.0,2.0,2.0
61,212,1.0,1.0,1.0,1.0,1.0,1.0,1.0,1.0
61,213,1.0,1.0,1.0,1.0,1.0,1.0,1.0,1.0
61,214,3.0,2.0,1.0,7.0,5.0,4.0,3.0,6.0
61,215,0.0,0.0,0.0,0.0,0.0,0.0,0.0,0.0
61,216,3.0,1.0,2.0,0.0,5.0,1.0,1.0,1.0
61,217,-0.0,2.0,1.0,2.0,3.0,3.0,0.0,0.0
61,218,4.0,1.0,3.0,3.0,3.0,0.0,2.0,2.0
61,219,1.0,1.0,1.0,1.0,1.0,1.0,1.0,1.0
61,220,1.0,2.0,2.0,2.0,2.0,2.0,2.0,2.0
61,221,2.0,2.0,1.0,1.0,1.0,1.0,1.0,1.0
61,222,1.0,1.0,1.0,1.0,1.0,1.0,1.0,1.0
61,223,1.0,1.0,1.0,1.0,1.0,1.0,1.0,1.0
61,224,1.0,1.0,1.0,1.0,1.0,1.0,1.0,1.0
61,226,6.0,6.0,6.0,6.0,6.0,6.0,6.0,7.0
61,230,1.0,1.0,1.0,1.0,1.0,1.0,1.0,1.0
61,231,1.0,1.0,1.0,1.0,1.0,1.0,1.0,1.0
61,232,1.0,1.0,1.0,1.0,1.0,1.0,1.0,1.0
61,233,-0.0,-0.0,2.0,2.0,-0.0,1.0,2.0,-0.0
61,234,1.0,1.0,1.0,1.0,1.0,1.0,1.0,1.0
61,238,1.0,1.0,1.0,1.0,1.0,1.0,1.0,1.0
61,239,1.0,1.0,1.0,1.0,1.0,1.0,1.0,1.0
61,241,1.0,1.0,1.0,1.0,1.0,1.0,1.0,1.0
61,242,1.0,1.0,1.0,1.0,1.0,1.0,1.0,1.0
61,244,1.0,1.0,1.0,1.0,1.0,1.0,1.0,1.0
61,245,1.0,1.0,1.0,1.0,1.0,1.0,1.0,2.0
61,246,1.0,1.0,1.0,1.0,1.0,1.0,1.0,1.0
61,247,1.0,1.0,1.0,1.0,1.0,1.0,1.0,1.0
61,248,1.0,1.0,1.0,1.0,1.0,1.0,1.0,1.0
61,249,1.0,1.0,1.0,1.0,1.0,1.0,1.0,1.0
61,251,1.0,1.0,1.0,1.0,1.0,1.0,1.0,1.0
61,252,1.0,1.0,1.0,1.0,1.0,1.0,1.0,1.0
61,253,1.0,1.0,1.0,1.0,1.0,1.0,1.0,1.0
61,254,1.0,1.0,1.0,1.0,1.0,1.0,1.0,1.0
61,255,1.0,1.0,2.0,1.0,1.0,1.0,1.0,1.0
61,256,1.0,1.0,1.0,1.0,1.0,1.0,1.0,1.0
61,257,1.0,1.0,2.0,1.0,1.0,1.0,1.0,1.0
61,258,0.0,1.0,1.0,1.0,1.0,1.0,1.0,2.0
61,259,1.0,1.0,1.0,1.0,1.0,0.0,1.0,1.0
61,260,1.0,1.0,1.0,1.0,1.0,1.0,1.0,1.0
61,261,1.0,1.0,1.0,1.0,1.0,1.0,1.0,1.0
61,262,1.0,2.0,2.0,2.0,2.0,2.0,2.0,2.0
61,263,1.0,1.0,1.0,1.0,1.0,1.0,1.0,1.0
61,264,1.0,1.0,1.0,1.0,1.0,1.0,1.0,1.0
61,265,1.0,2.0,2.0,1.0,1.0,2.0,1.0,1.0
61,266,1.0,1.0,1.0,1.0,1.0,1.0,1.0,1.0
61,267,1.0,1.0,1.0,1.0,1.0,1.0,1.0,1.0
61,268,1.0,1.0,1.0,1.0,1.0,1.0,1.0,1.0
61,269,1.0,1.0,1.0,2.0,2.0,2.0,2.0,2.0
61,271,1.0,1.0,1.0,1.0,1.0,1.0,1.0,1.0
61,272,1.0,1.0,1.0,1.0,1.0,1.0,1.0,1.0
61,273,1.0,1.0,1.0,1.0,1.0,1.0,1.0,1.0
61,274,1.0,1.0,1.0,1.0,1.0,1.0,1.0,1.0
61,275,1.0,1.0,1.0,1.0,1.0,1.0,1.0,1.0
61,276,1.0,2.0,1.0,1.0,1.0,1.0,2.0,1.0
61,277,2.0,2.0,2.0,2.0,2.0,2.0,2.0,2.0
61,278,4.0,4.0,3.0,3.0,3.0,3.0,3.0,3.0
61,279,3.0,3.0,3.0,3.0,3.0,3.0,3.0,3.0
61,280,2.0,2.0,1.0,1.0,1.0,1.0,1.0,1.0
61,281,2.0,5.0,2.0,4.0,3.0,2.0,2.0,3.0
61,282,2.0,2.0,2.0,2.0,2.0,2.0,2.0,2.0
61,284,0.0,0.0,0.0,0.0,0.0,0.0,0.0,0.0
61,285,1.0,1.0,1.0,1.0,1.0,1.0,1.0,1.0
61,286,1.0,1.0,1.0,1.0,1.0,1.0,1.0,1.0
61,287,1.0,1.0,1.0,1.0,1.0,1.0,1.0,1.0
61,288,1.0,1.0,1.0,1.0,1.0,1.0,1.0,1.0
61,289,1.0,1.0,1.0,1.0,1.0,1.0,1.0,2.0
61,291,1.0,1.0,1.0,1.0,1.0,3.0,1.0,1.0
61,292,1.0,1.0,1.0,1.0,1.0,1.0,1.0,1.0
61,293,1.0,1.0,1.0,1.0,1.0,1.0,1.0,1.0
61,295,1.0,1.0,1.0,1.0,1.0,1.0,1.0,1.0
61,296,0.0,1.0,1.0,1.0,1.0,1.0,1.0,1.0
62,1,1.0,1.0,1.0,1.0,1.0,1.0,1.0,1.0
62,2,1.0,3.0,3.0,4.0,4.0,2.0,4.0,2.0
62,6,0.0,1.0,-0.0,2.0,-0.0,0.0,0.0,0.0
62,8,2.0,2.0,2.0,2.0,2.0,2.0,2.0,2.0
62,12,1.0,1.0,1.0,1.0,1.0,1.0,1.0,1.0
62,13,1.0,1.0,1.0,1.0,1.0,1.0,1.0,1.0
62,14,-0.0,1.0,1.0,1.0,-0.0,1.0,4.0,-0.0
62,19,1.0,1.0,1.0,1.0,1.0,1.0,1.0,1.0
62,20,1.0,1.0,1.0,1.0,1.0,1.0,1.0,1.0
62,21,1.0,1.0,1.0,1.0,1.0,1.0,1.0,1.0
62,22,1.0,1.0,1.0,1.0,1.0,1.0,1.0,1.0
62,23,69.0,68.0,60.0,55.0,51.0,60.0,44.0,42.0
62,29,1.0,1.0,1.0,1.0,1.0,1.0,1.0,1.0
62,37,1.0,1.0,1.0,1.0,1.0,1.0,1.0,1.0
62,40,2.0,-0.0,5.0,4.0,3.0,-0.0,4.0,5.0
62,47,12.0,19.0,17.0,15.0,8.0,9.0,12.0,10.0
62,48,11.0,11.0,12.0,11.0,11.0,12.0,11.0,11.0
62,50,1.0,1.0,1.0,1.0,1.0,1.0,1.0,1.0
62,52,1.0,1.0,1.0,1.0,1.0,1.0,1.0,1.0
62,61,1.0,1.0,1.0,1.0,1.0,1.0,1.0,1.0
62,63,0.0,1.0,1.0,2.0,0.0,1.0,3.0,2.0
62,64,2.0,2.0,2.0,2.0,2.0,2.0,2.0,2.0
62,70,1.0,1.0,1.0,1.0,1.0,1.0,1.0,1.0
62,72,1.0,1.0,1.0,1.0,1.0,1.0,1.0,1.0
62,74,1.0,1.0,1.0,1.0,1.0,1.0,1.0,1.0
62,77,0.0,1.0,1.0,1.0,1.0,2.0,1.0,1.0
62,80,3.0,2.0,3.0,4.0,3.0,3.0,3.0,3.0
62,84,1.0,1.0,1.0,1.0,1.0,1.0,1.0,1.0
62,86,1.0,1.0,1.0,1.0,1.0,1.0,1.0,1.0
62,87,3.0,4.0,4.0,4.0,3.0,3.0,3.0,2.0
62,88,3.0,3.0,3.0,3.0,5.0,2.0,3.0,2.0
62,89,3.0,3.0,3.0,3.0,3.0,3.0,3.0,3.0
62,90,1.0,1.0,1.0,1.0,1.0,1.0,1.0,1.0
62,91,1.0,1.0,1.0,2.0,1.0,1.0,1.0,1.0
62,92,2.0,2.0,2.0,2.0,2.0,2.0,2.0,2.0
62,93,0.0,1.0,1.0,1.0,1.0,1.0,1.0,1.0
62,94,1.0,1.0,1.0,1.0,1.0,1.0,1.0,1.0
62,96,1.0,1.0,1.0,1.0,1.0,1.0,1.0,1.0
62,99,7.0,8.0,8.0,9.0,9.0,10.0,8.0,9.0
62,100,1.0,1.0,1.0,1.0,2.0,1.0,1.0,2.0
62,102,2.0,2.0,2.0,2.0,2.0,2.0,2.0,2.0
62,104,1.0,0.0,2.0,1.0,0.0,1.0,0.0,0.0
62,107,1.0,0.0,1.0,2.0,0.0,1.0,0.0,1.0
62,112,1.0,1.0,1.0,1.0,1.0,1.0,1.0,1.0
62,113,1.0,1.0,1.0,1.0,1.0,1.0,1.0,1.0
62,114,2.0,2.0,2.0,2.0,2.0,2.0,2.0,2.0
62,117,1.0,1.0,1.0,1.0,1.0,1.0,1.0,1.0
62,118,1.0,1.0,1.0,1.0,1.0,1.0,1.0,1.0
62,119,1.0,1.0,1.0,1.0,1.0,1.0,1.0,1.0
62,120,1.0,1.0,1.0,1.0,1.0,1.0,1.0,1.0
62,121,1.0,1.0,1.0,1.0,1.0,1.0,1.0,1.0
62,126,3.0,9.0,14.0,6.0,7.0,9.0,9.0,8.0
62,128,2.0,2.0,2.0,2.0,2.0,2.0,2.0,2.0
62,135,2.0,3.0,4.0,3.0,2.0,2.0,2.0,1.0
62,136,2.0,3.0,3.0,3.0,3.0,3.0,3.0,3.0
62,141,-0.0,1.0,4.0,5.0,1.0,4.0,2.0,0.0
62,143,1.0,1.0,1.0,1.0,1.0,1.0,1.0,1.0
62,146,0.0,0.0,4.0,4.0,0.0,0.0,1.0,2.0
62,147,0.0,0.0,2.0,2.0,0.0,0.0,0.0,1.0
62,148,2.0,0.0,1.0,3.0,0.0,0.0,-0.0,0.0
62,151,1.0,1.0,1.0,1.0,1.0,1.0,1.0,1.0
62,153,2.0,2.0,2.0,2.0,2.0,2.0,2.0,2.0
62,154,2.0,3.0,2.0,3.0,2.0,3.0,3.0,3.0
62,155,1.0,0.0,1.0,1.0,0.0,0.0,0.0,0.0
62,156,2.0,2.0,2.0,2.0,2.0,2.0,2.0,2.0
62,159,2.0,2.0,2.0,2.0,2.0,2.0,2.0,2.0
62,160,1.0,1.0,1.0,1.0,1.0,1.0,1.0,1.0
62,161,1.0,1.0,1.0,1.0,1.0,1.0,1.0,1.0
62,162,1.0,1.0,1.0,1.0,1.0,1.0,1.0,1.0
62,163,1.0,1.0,1.0,1.0,1.0,1.0,1.0,1.0
62,164,2.0,2.0,2.0,2.0,2.0,2.0,2.0,2.0
62,165,1.0,1.0,1.0,1.0,1.0,1.0,1.0,1.0
62,166,1.0,1.0,1.0,1.0,1.0,1.0,1.0,1.0
62,169,1.0,1.0,1.0,1.0,1.0,1.0,1.0,1.0
62,170,2.0,2.0,2.0,2.0,2.0,2.0,2.0,2.0
62,171,1.0,1.0,1.0,1.0,1.0,1.0,1.0,1.0
62,172,1.0,1.0,1.0,1.0,1.0,1.0,1.0,1.0
62,175,1.0,1.0,1.0,1.0,1.0,1.0,1.0,1.0
62,176,2.0,2.0,2.0,2.0,2.0,2.0,2.0,2.0
62,177,1.0,1.0,1.0,1.0,1.0,1.0,1.0,1.0
62,178,2.0,2.0,2.0,2.0,2.0,2.0,2.0,2.0
62,190,1.0,1.0,1.0,1.0,1.0,1.0,1.0,1.0
62,191,0.0,0.0,0.0,0.0,0.0,0.0,0.0,0.0
62,192,1.0,1.0,1.0,1.0,1.0,1.0,1.0,1.0
62,198,1.0,1.0,1.0,1.0,1.0,1.0,1.0,1.0
62,199,2.0,2.0,2.0,1.0,1.0,1.0,1.0,1.0
62,202,1.0,1.0,1.0,1.0,1.0,1.0,1.0,1.0
62,203,1.0,1.0,1.0,1.0,1.0,1.0,1.0,1.0
62,204,2.0,2.0,1.0,0.0,0.0,1.0,3.0,0.0
62,205,1.0,1.0,1.0,1.0,1.0,1.0,1.0,1.0
62,206,1.0,1.0,1.0,1.0,1.0,1.0,1.0,1.0
62,209,1.0,1.0,1.0,1.0,1.0,1.0,1.0,1.0
62,210,2.0,3.0,3.0,4.0,2.0,1.0,4.0,-0.0
62,213,1.0,1.0,1.0,1.0,1.0,1.0,1.0,1.0
62,214,4.0,4.0,4.0,4.0,4.0,4.0,4.0,4.0
62,216,2.0,2.0,2.0,2.0,2.0,2.0,2.0,2.0
62,217,0.0,0.0,0.0,0.0,0.0,0.0,0.0,0.0
62,218,2.0,2.0,2.0,2.0,2.0,2.0,2.0,2.0
62,224,1.0,1.0,1.0,1.0,1.0,1.0,1.0,1.0
62,225,1.0,1.0,1.0,1.0,1.0,1.0,1.0,1.0
62,226,3.0,3.0,3.0,3.0,3.0,3.0,3.0,3.0
62,233,-0.0,2.0,3.0,5.0,-0.0,-0.0,1.0,1.0
62,238,1.0,1.0,1.0,1.0,1.0,1.0,1.0,1.0
62,239,1.0,1.0,1.0,1.0,1.0,1.0,1.0,1.0
62,246,0.0,1.0,1.0,1.0,1.0,1.0,1.0,1.0
62,248,1.0,1.0,1.0,1.0,1.0,1.0,1.0,1.0
62,254,1.0,1.0,1.0,1.0,1.0,1.0,1.0,1.0
62,262,1.0,1.0,0.0,0.0,0.0,0.0,0.0,0.0
62,268,1.0,1.0,1.0,1.0,1.0,1.0,1.0,1.0
62,271,1.0,1.0,1.0,1.0,1.0,1.0,1.0,1.0
62,276,1.0,1.0,1.0,1.0,1.0,1.0,1.0,1.0
62,278,2.0,2.0,2.0,2.0,2.0,2.0,2.0,2.0
62,279,1.0,1.0,1.0,1.0,1.0,1.0,1.0,1.0
62,281,1.0,1.0,1.0,1.0,1.0,1.0,1.0,1.0
62,282,1.0,1.0,1.0,1.0,1.0,1.0,1.0,1.0
62,283,1.0,1.0,1.0,1.0,1.0,1.0,1.0,1.0
62,284,0.0,0.0,0.0,0.0,0.0,0.0,0.0,0.0
62,287,1.0,1.0,1.0,1.0,1.0,1.0,1.0,1.0
62,288,1.0,1.0,1.0,1.0,1.0,1.0,1.0,1.0
62,289,1.0,1.0,1.0,1.0,1.0,1.0,1.0,1.0
62,291,1.0,1.0,1.0,1.0,1.0,1.0,1.0,1.0
62,294,1.0,1.0,1.0,1.0,1.0,1.0,1.0,1.0
62,296,-0.0,-0.0,-0.0,-0.0,-0.0,-0.0,-0.0,-0.0
63,2,-0.0,1.0,1.0,4.0,-0.0,1.0,-0.0,-0.0
63,19,1.0,1.0,1.0,1.0,1.0,1.0,1.0,1.0
63,23,50.0,56.0,63.0,55.0,56.0,62.0,51.0,49.0
63,27,1.0,1.0,1.0,1.0,1.0,1.0,1.0,1.0
63,30,1.0,2.0,2.0,2.0,2.0,2.0,2.0,2.0
63,47,7.0,14.0,13.0,13.0,8.0,8.0,9.0,6.0
63,48,7.0,12.0,10.0,12.0,9.0,8.0,8.0,7.0
63,49,1.0,2.0,1.0,1.0,2.0,2.0,2.0,2.0
63,53,0.0,1.0,1.0,1.0,1.0,1.0,1.0,1.0
63,54,5.0,11.0,9.0,7.0,5.0,4.0,6.0,3.0
63,56,2.0,2.0,2.0,2.0,2.0,2.0,2.0,2.0
63,63,2.0,1.0,2.0,1.0,2.0,1.0,0.0,0.0
63,73,0.0,1.0,2.0,2.0,1.0,1.0,0.0,0.0
63,83,1.0,0.0,2.0,0.0,0.0,2.0,0.0,2.0
63,87,1.0,1.0,1.0,1.0,1.0,1.0,1.0,1.0
63,88,1.0,1.0,1.0,1.0,1.0,1.0,1.0,1.0
63,92,1.0,1.0,1.0,1.0,1.0,1.0,1.0,1.0
63,97,0.0,0.0,0.0,0.0,0.0,0.0,0.0,0.0
63,99,4.0,4.0,4.0,5.0,4.0,4.0,4.0,4.0
63,100,1.0,1.0,1.0,1.0,1.0,1.0,1.0,1.0
63,107,2.0,2.0,2.0,10.0,1.0,0.0,0.0,1.0
63,111,1.0,1.0,1.0,1.0,1.0,1.0,1.0,1.0
63,113,1.0,1.0,1.0,1.0,1.0,1.0,1.0,1.0
63,119,1.0,1.0,1.0,1.0,1.0,1.0,1.0,1.0
63,124,66.0,68.0,69.0,69.0,69.0,69.0,69.0,69.0
63,126,8.0,8.0,9.0,9.0,9.0,9.0,10.0,10.0
63,128,1.0,1.0,1.0,1.0,1.0,1.0,1.0,1.0
63,135,2.0,3.0,3.0,3.0,3.0,2.0,2.0,3.0
63,136,3.0,3.0,3.0,3.0,3.0,3.0,3.0,3.0
63,138,1.0,1.0,0.0,1.0,1.0,0.0,0.0,0.0
63,154,1.0,1.0,1.0,1.0,1.0,1.0,1.0,1.0
63,160,1.0,1.0,1.0,1.0,1.0,1.0,1.0,1.0
63,168,1.0,1.0,1.0,1.0,1.0,1.0,1.0,1.0
63,169,1.0,1.0,1.0,1.0,1.0,1.0,1.0,1.0
63,178,1.0,1.0,1.0,1.0,1.0,1.0,1.0,1.0
63,186,21.0,22.0,22.0,22.0,22.0,22.0,22.0,22.0
63,188,0.0,2.0,1.0,1.0,1.0,1.0,1.0,1.0
63,189,2.0,2.0,3.0,2.0,2.0,2.0,2.0,2.0
63,200,1.0,1.0,1.0,1.0,1.0,1.0,1.0,1.0
63,207,1.0,1.0,1.0,1.0,1.0,1.0,1.0,1.0
63,213,1.0,1.0,1.0,1.0,1.0,1.0,1.0,1.0
63,214,1.0,1.0,1.0,1.0,1.0,1.0,1.0,1.0
63,218,1.0,1.0,1.0,1.0,1.0,1.0,1.0,1.0
63,227,2.0,2.0,2.0,2.0,2.0,2.0,2.0,2.0
63,228,0.0,0.0,0.0,0.0,0.0,0.0,0.0,0.0
63,234,0.0,0.0,0.0,0.0,0.0,0.0,0.0,0.0
63,237,2.0,2.0,2.0,2.0,2.0,2.0,2.0,2.0
63,239,1.0,1.0,1.0,1.0,1.0,1.0,1.0,1.0
63,240,0.0,1.0,1.0,1.0,1.0,1.0,1.0,1.0
63,268,1.0,1.0,1.0,1.0,1.0,1.0,1.0,1.0
63,278,1.0,1.0,1.0,1.0,1.0,1.0,1.0,1.0
63,279,1.0,0.0,0.0,0.0,0.0,0.0,2.0,1.0
63,284,0.0,0.0,0.0,0.0,0.0,0.0,0.0,0.0
63,290,1.0,1.0,1.0,1.0,1.0,1.0,1.0,1.0
64,4,1.0,1.0,1.0,1.0,1.0,1.0,1.0,1.0
64,16,4.0,4.0,4.0,4.0,4.0,4.0,4.0,4.0
64,17,36.0,38.0,70.0,70.0,29.0,51.0,61.0,44.0
64,20,1.0,1.0,1.0,1.0,1.0,1.0,1.0,1.0
64,21,1.0,1.0,1.0,1.0,1.0,1.0,1.0,1.0
64,23,36.0,45.0,59.0,34.0,30.0,30.0,41.0,27.0
64,55,1.0,1.0,1.0,1.0,1.0,1.0,1.0,1.0
64,63,2.0,3.0,3.0,0.0,0.0,2.0,0.0,3.0
64,103,3.0,5.0,4.0,8.0,5.0,7.0,6.0,5.0
64,150,1.0,1.0,1.0,1.0,1.0,1.0,1.0,1.0
64,193,0.0,0.0,0.0,0.0,0.0,0.0,0.0,0.0
64,238,1.0,1.0,1.0,1.0,1.0,1.0,1.0,1.0
65,126,3.0,2.0,3.0,3.0,3.0,3.0,3.0,3.0
66,124,6.0,6.0,6.0,6.0,6.0,6.0,6.0,6.0
66,126,3.0,2.0,2.0,2.0,2.0,3.0,3.0,3.0
